"name";"nat_abbr";"wmo_ind";"chx";"chy";"lon";"lat";"height";"climate.region";"climate.region.nr";"first.year.daily.obs";"last.year.daily.obs";"nr.years.daily.obs.in.standard.per";"nr.na.years.daily.obs.in.standard.per";"first.year.hourly.obs";"last.year.hourly.obs";"nr.years.hourly.obs";"nr.na.years.hourly.obs";"has.hourly.data"
"Aarberg";"ABE";NA;2588051.136;1209518.307;7.281425;47.0365916666667;493;"Zentrales Mittelland";4;1961;2020;60;0;NA;NA;NA;NA;FALSE
"L'Abergement";"ABG";NA;2527539.695;1178770.664;6.49021111111111;46.7561777777778;647;"Westlicher Jura";2;1962;2020;59;0;NA;NA;NA;NA;FALSE
"Adelboden";"ABO";"6735";2609371.811;1148939.375;7.56070277777778;46.4917027777778;1321.38;"Westlicher Alpennordhang";8;1961;2020;60;0;1984;2021;38;0;TRUE
"Andelfingen";"AFI";NA;2693811.072;1273069.788;8.68609722222222;47.6016027777778;382;"Nordöstliches Mittelland";3;1961;2020;60;0;NA;NA;NA;NA;FALSE
"Affeltrangen";"AFT";NA;2718739.859;1266351.615;9.01571944444444;47.5371555555556;541;"Nordöstliches Mittelland";3;1961;2020;60;0;NA;NA;NA;NA;FALSE
"Affoltern i. E.";"AIE";NA;2622940.365;1212500.141;7.74061388888889;47.063125;755;"Zentrales Mittelland";4;1961;2020;60;0;2013;2020;8;0;FALSE
"Aigle";"AIG";"06712";2560403.973;1130713.305;6.92447222222222;46.3266472222222;381.02;"Westlicher Alpennordhang";8;1981;2020;40;0;1982;2021;40;0;TRUE
"Airolo";"AIR";NA;2688910.282;1153399.624;8.59744444444445;46.5259861111111;1139;"Alpensüdseite";12;1961;2020;60;0;2014;2020;7;0;FALSE
"Altmatt";"ALM";NA;2695420.77;1220769.854;8.69635833333333;47.1310305555556;920;"Zentraler Alpennordhang";7;1974;2020;47;0;NA;NA;NA;NA;FALSE
"Altstätten, SG";"ALS";NA;2759910.362;1250201.719;9.55653055555556;47.383225;430;"Östlicher Alpennordhang";6;1961;2020;60;0;2014;2020;6;1;FALSE
"Altdorf";"ALT";"6672";2690180.919;1193563.724;8.62189444444444;46.8870694444444;437.86;"Zentraler Alpennordhang";7;1961;2020;60;0;1982;2021;40;0;TRUE
"Alvaneu Dorf";"ALV";NA;2768985;1171899;9.64745833333333;46.6769083333333;1162;"Nord- und Mittelbünden";9;1974;2020;47;0;NA;NA;NA;NA;FALSE
"Allenwinden, TG";"ALW";NA;2713800.816;1249549.815;8.94585277777778;47.3869416666667;865;"Nordöstliches Mittelland";3;1974;2020;47;0;NA;NA;NA;NA;FALSE
"Amriswil";"AMW";NA;2741796.694;1268303.532;9.322475;47.5501361111111;420;"Nordöstliches Mittelland";3;1961;2020;60;0;2016;2020;4;1;FALSE
"Andeer";"AND";"6787";2752692.275;1164037.604;9.43198055555555;46.6101388888889;987.1;"Nord- und Mittelbünden";9;1961;2020;60;0;2008;2020;12;1;FALSE
"Andermatt";"ANT";"6695";2687444.588;1165043.768;8.58055277777778;46.6309138888889;1438;"Zentraler Alpennordhang";7;1961;2020;60;0;2014;2020;7;0;FALSE
"Appenzell";"APP";NA;2748012.636;1245039.619;9.39731388888889;47.3395916666667;750;"Östlicher Alpennordhang";6;1961;2012;52;0;2013;2020;8;0;FALSE
"Alpthal";"APT";NA;2696860.705;1212929.815;8.71365555555556;47.0603083333333;1015;"Zentraler Alpennordhang";7;1974;2020;47;0;NA;NA;NA;NA;FALSE
"Arbon";"ARB";NA;2750506.626;1263114.517;9.43639166666667;47.5015416666667;401;"Nordöstliches Mittelland";3;1961;2020;60;0;NA;NA;NA;NA;FALSE
"Arisdorf";"ARI";NA;2625310.594;1261860.453;7.77459444444444;47.5070055555556;480;"Östlicher Jura";1;1961;2020;60;0;NA;NA;NA;NA;FALSE
"Arosa";"ARO";"6785";2771030.9;1184830.2;9.67901388888889;46.7926611111111;1878;"Nord- und Mittelbünden";9;1961;2020;60;0;2016;2020;5;0;FALSE
"Stalden / Ackersand";"AST";NA;2633629.608;1121149.585;7.87463888888889;46.2409416666667;700;"Wallis";10;1962;2020;59;0;NA;NA;NA;NA;FALSE
"L' Auberson";"AUB";NA;2523851.806;1186295.571;6.44069166666667;46.82345;1096;"Westlicher Jura";2;1961;2020;60;0;2015;2020;6;0;FALSE
"Les Avants";"AVA";NA;2561879.653;1145178.332;6.94244444444444;46.45685;1036;"Westliches Mittelland";5;1975;2020;46;0;2016;2020;4;1;FALSE
"Avers / Am Bach";"AVB";NA;2761959.886;1146802.542;9.54686111111111;46.452975;1993;"Nord- und Mittelbünden";9;1962;2020;59;0;NA;NA;NA;NA;FALSE
"Avenches";"AVE";NA;2569652.913;1191910.23;7.04053888888889;46.8776194444444;457;"Westliches Mittelland";5;1961;2020;60;0;NA;NA;NA;NA;FALSE
"Bauma";"BAM";NA;2710805.793;1247004.816;8.90556388888889;47.3645666666667;667;"Nordöstliches Mittelland";3;1961;2020;60;0;NA;NA;NA;NA;FALSE
"Basel / Binningen";"BAS";"6601";2610908.717;1265611.953;7.583525;47.5411416666667;316.172;"Östlicher Jura";1;1961;2020;60;0;1982;2021;40;0;TRUE
"Balsthal";"BAT";NA;2621017.478;1241091.306;7.71663333333333;47.3203555555556;523;"Westlicher Jura";2;1961;2020;60;0;NA;NA;NA;NA;FALSE
"Baulmes";"BAU";NA;2530055.741;1182443.64;6.52257777777778;46.7894833333333;642;"Westlicher Jura";2;1961;2020;60;0;NA;NA;NA;NA;FALSE
"Barmelweid";"BAW";NA;2640058;1252430;7.96949166666667;47.4214555555556;777;"Zentrales Mittelland";4;1961;2020;60;0;2019;2020;1;1;FALSE
"Passo del Bernina";"BEH";"6797";2798423.283;1143019.758;10.0195666666667;46.4091583333333;2260;"Alpensüdseite";12;1961;2020;55;5;2014;2020;6;1;FALSE
"Belp";"BEP";NA;2605082.054;1195000.978;7.50533888888889;46.9060944444444;510;"Zentrales Mittelland";4;1961;2020;60;0;2018;2020;3;0;FALSE
"Bern / Zollikofen";"BER";"6631";2601934.03;1204409.74;7.46406111111111;46.9907444444444;552.84;"Zentrales Mittelland";4;1961;2020;60;0;1982;2021;40;0;TRUE
"Bex";"BEX";NA;2565805.465;1121511.261;6.99528611111111;46.2441666666667;402;"Westlicher Alpennordhang";8;1961;2012;52;0;2013;2020;8;0;FALSE
"Bellelay";"BEY";NA;2579603.33;1234880.563;7.16913333333333;47.2645138888889;923;"Westlicher Jura";2;1961;2020;60;0;2016;2020;5;0;FALSE
"Beznau";"BEZ";"06646";2659813.255;1267696.396;8.233325;47.5572555555555;325.57;"Nordöstliches Mittelland";3;1989;2020;32;0;1989;2021;33;0;TRUE
"Biasca";"BIA";NA;2718550.426;1132799.363;8.9784;46.3361166666667;278;"Alpensüdseite";12;1961;2020;60;0;2014;2020;6;1;FALSE
"Bière";"BIE";"6704";2515887.314;1153211.08;6.34238611111111;46.5249083333333;683.636;"Westliches Mittelland";5;1976;2020;45;0;2010;2020;11;0;FALSE
"Binn";"BIN";"6721";2657995.87;1135421.456;8.19230555555556;46.3676611111111;1479;"Wallis";10;1961;2020;60;0;2014;2020;6;1;FALSE
"Bisisthal";"BIS";NA;2705983.755;1200132.718;8.83073333333333;46.9438194444444;856;"Zentraler Alpennordhang";7;1970;2020;51;0;NA;NA;NA;NA;FALSE
"Bivio";"BIV";"6774";2771282.655;1148119.218;9.66863888888889;46.4624944444444;1856;"Nord- und Mittelbünden";9;1961;2020;60;0;2016;2020;5;0;FALSE
"Bischofszell";"BIZ";"6678";2737713.5;1263612.7;9.26679722222222;47.5088277777778;507;"Nordöstliches Mittelland";3;1961;2020;60;0;2010;2020;10;1;FALSE
"Brülisau";"BLS";NA;2752884.549;1240106.649;9.460075;47.294125;928;"Östlicher Alpennordhang";6;1974;2020;47;0;NA;NA;NA;NA;FALSE
"Blumenstein";"BLU";NA;2606259.905;1177009.89;7.52055277777778;46.7442472222222;655;"Westlicher Alpennordhang";8;1973;2020;48;0;NA;NA;NA;NA;FALSE
"Bellinzona";"BLZ";NA;2720913.432;1116587.131;9.00488055555556;46.1898861111111;224;"Alpensüdseite";12;1961;2020;60;0;2016;2020;4;1;FALSE
"Beromünster";"BMU";NA;2657200.731;1228760.065;8.19364166666667;47.2073027777778;642;"Zentrales Mittelland";4;1961;2020;60;0;NA;NA;NA;NA;FALSE
"Les Brenets";"BNE";NA;2544673.563;1213695.504;6.71021666666667;47.0719638888889;908;"Westlicher Jura";2;1961;2020;60;0;NA;NA;NA;NA;FALSE
"Braunau";"BNU";NA;2723115.854;1264786.626;9.07339166666667;47.5222777777778;592;"Nordöstliches Mittelland";3;1979;2020;41;1;NA;NA;NA;NA;FALSE
"Bosco/Gurin";"BOS";NA;2680878.938;1130026.295;8.48870555555555;46.3167666666667;1486;"Alpensüdseite";12;1961;2020;60;0;2014;2020;6;1;FALSE
"Boudevilliers";"BOV";NA;2558094.801;1208130.48;6.88742777777778;47.0228916666667;750;"Westlicher Jura";2;1969;2020;50;2;NA;NA;NA;NA;FALSE
"Orbe";"BOZ";NA;2531750.695;1176425.597;6.54567222222222;46.7355277777778;438;"Westliches Mittelland";5;1961;2020;59;1;NA;NA;NA;NA;FALSE
"Braggio";"BRA";NA;2729967.593;1128611.182;9.125475;46.2963388888889;1312;"Alpensüdseite";12;1964;2020;57;0;NA;NA;NA;NA;FALSE
"Brig";"BRI";NA;2640566.777;1129068.738;7.96526388888889;46.3117944444444;665;"Wallis";10;1962;2012;51;0;2014;2020;7;0;FALSE
"La Brévine";"BRL";"6617";2536981.237;1203974.724;6.61029722222222;46.9838444444444;1050;"Westlicher Jura";2;1961;2020;60;0;2013;2020;7;1;FALSE
"Broc";"BRO";NA;2574681.673;1162098.135;7.10815277777778;46.6096583333333;682;"Westlicher Alpennordhang";8;1971;2020;50;0;NA;NA;NA;NA;FALSE
"Brusio";"BRP";NA;2806478.681;1127183.977;10.1172305555556;46.2643583333333;856;"Alpensüdseite";12;1961;2014;54;0;2016;2020;5;0;FALSE
"Braunwald";"BRW";NA;2717942.654;1199650.67;8.98765;46.9374694444444;1299;"Östlicher Alpennordhang";6;1961;2020;60;0;2014;2020;6;1;FALSE
"Brienz";"BRZ";"6656";2647552.716;1176803.023;8.06086388888889;46.7407194444444;567.15;"Westlicher Alpennordhang";8;1961;2020;60;0;2012;2020;8;1;FALSE
"Brissago";"BSG";NA;2698199.947;1108388.967;8.70900277777778;46.1198444444444;280;"Alpensüdseite";12;1961;2020;60;0;NA;NA;NA;NA;FALSE
"Bourg-St-Pierre";"BSP";NA;2582154.091;1088270.112;7.20851666666667;45.9457805555556;1664;"Wallis";10;1961;2020;59;1;NA;NA;NA;NA;FALSE
"Buch, SH";"BUC";NA;2700944.979;1286038.659;8.78389722222222;47.7171611111111;414;"Nordöstliches Mittelland";3;1961;2020;60;0;NA;NA;NA;NA;FALSE
"Burgdorf";"BUD";NA;2612163.281;1211782.163;7.59873055555556;47.0569527777778;534;"Zentrales Mittelland";4;1961;2020;60;0;NA;NA;NA;NA;FALSE
"Bülach";"BUE";NA;2682028.079;1263776.963;8.52771944444445;47.5196111111111;403;"Nordöstliches Mittelland";3;1961;2020;60;0;NA;NA;NA;NA;FALSE
"Buffalora";"BUF";"6778";2816494.061;1170254.988;10.2672;46.6484083333333;1971;"Engadin";11;1961;2020;59;1;1999;2020;21;1;FALSE
"Buchs / Aarau";"BUS";"06633";2648396.432;1248369.996;8.07955;47.3843805555556;386.66;"Zentrales Mittelland";4;1984;2020;36;1;1985;2021;37;0;TRUE
"Campocologno";"CAC";NA;2807969.745;1124285.973;10.1352638888889;46.2378444444444;577;"Alpensüdseite";12;1962;2020;59;0;NA;NA;NA;NA;FALSE
"Cavaglia";"CAV";NA;2799866.346;1138474.792;10.0363666666667;46.3678694444444;1707;"Alpensüdseite";12;1962;2020;59;0;NA;NA;NA;NA;FALSE
"La Chaux-de-Fonds";"CDF";"6612";2550919.036;1214861.977;6.79231388888889;47.0829472222222;1017.01;"Westlicher Jura";2;1961;2020;60;0;1982;2021;40;0;TRUE
"Col des Mosses";"CDM";"6713";2573817.1;1137852.795;7.09823888888889;46.391525;1412;"Westlicher Alpennordhang";8;1973;2020;48;0;2016;2020;5;0;FALSE
"Cevio";"CEV";"6752";2689688.008;1130564.301;8.60316111111111;46.3204861111111;417;"Alpensüdseite";12;1961;2020;59;1;2013;2020;7;1;FALSE
"Nyon / Changins";"CGI";"6705";2506877.561;1139573.559;6.22772222222222;46.4010527777778;458.2;"Westliches Mittelland";5;1966;2020;55;0;1982;2021;40;0;TRUE
"Chasseral";"CHA";"06605";2570845.428;1220157.837;7.05436666666667;47.1317611111111;1594.2;"Westlicher Jura";2;1981;2020;40;0;1982;2021;40;0;TRUE
"Château-d'Oex";"CHD";"6627";2577040.137;1147654.83;7.13965555555556;46.4798194444444;1028;"Westlicher Alpennordhang";8;1961;2020;60;0;2012;2020;8;1;FALSE
"Chaumont";"CHM";"6608";2565060.253;1211006.916;6.978825;47.0491694444444;1136;"Westlicher Jura";2;1961;2020;60;0;2013;2020;7;1;FALSE
"Chur";"CHU";"6786";2759466.632;1193152.634;9.53051111111111;46.8703666666667;556;"Nord- und Mittelbünden";9;1961;2020;60;0;1982;2021;40;0;TRUE
"Chavornay";"CHY";NA;2531886.675;1172741.593;6.54799722222222;46.7024055555556;439;"Westliches Mittelland";5;1975;2020;46;0;NA;NA;NA;NA;FALSE
"Cham";"CHZ";"06674";2677758.871;1226877.999;8.46464166666667;47.1882777777778;442.5;"Zentrales Mittelland";4;1993;2020;26;2;1994;2021;27;1;TRUE
"Cimetta";"CIM";"06759";2704433.601;1117457.058;8.79165;46.2004666666667;1661;"Alpensüdseite";12;1982;2020;39;0;1982;2021;40;0;TRUE
"Camedo";"CMD";NA;2690295.842;1112206.102;8.60750277777778;46.1552805555556;590;"Alpensüdseite";12;1961;2020;60;0;NA;NA;NA;NA;FALSE
"Chanéaz";"CNZ";NA;2546813.724;1175579.519;6.74284166666667;46.7292888888889;758;"Westliches Mittelland";5;1973;2020;48;0;NA;NA;NA;NA;FALSE
"Combe-Garot";"COG";NA;2548088.632;1200426.381;6.75669444444444;46.9528888888889;629;"Westliches Mittelland";5;1961;2020;60;0;NA;NA;NA;NA;FALSE
"Coldrerio";"COL";NA;2721080.122;1079233.527;8.99743055555555;45.8539138888889;347;"Alpensüdseite";12;1961;2020;60;0;2015;2020;5;1;FALSE
"Acquarossa / Comprovasco";"COM";"6756";2714985.08;1146450.878;8.93548611111111;46.4595166666667;575.32;"Alpensüdseite";12;1961;2020;48;12;1989;2021;33;0;TRUE
"Courtepin";"COP";NA;2576279.879;1189930.142;7.127575;46.8600777777778;565;"Westliches Mittelland";5;1973;2020;48;0;NA;NA;NA;NA;FALSE
"Cossonay";"COS";NA;2527562.634;1162465.605;6.49308333333333;46.6095194444444;590;"Westliches Mittelland";5;1961;2020;60;0;2014;2020;6;1;FALSE
"Couvet";"COU";NA;2540606.609;1198345.364;6.65868333333333;46.9335416666667;728;"Westlicher Jura";2;1961;2020;60;0;2016;2020;4;1;FALSE
"Piz Corvatsch";"COV";"06791";2783155.778;1143524.299;9.82130833333333;46.4180388888889;3294.31;"Engadin";11;1981;2020;40;0;1982;2021;39;1;TRUE
"Courtelary";"COY";"6710";2573622.811;1225598.183;7.09065555555556;47.1808111111111;695;"Westlicher Jura";2;1961;2020;60;0;2015;2020;5;1;FALSE
"Finhaut";"CTA";NA;2564159.223;1103590.336;6.97531111111111;46.082875;1242;"Wallis";10;1970;2020;51;0;NA;NA;NA;NA;FALSE
"Torricella / Crana";"CTO";NA;2712695.255;1103744.905;8.89536666666667;46.0758083333333;1002;"Alpensüdseite";12;1961;2020;60;0;2016;2020;4;1;FALSE
"La Cure";"CUE";NA;2495297.354;1146347.71;6.07563611111111;46.460275;1185;"Westlicher Jura";2;1961;2020;60;0;NA;NA;NA;NA;FALSE
"Davos";"DAV";"6784";2783519.136;1187458.747;9.84355833333333;46.8129694444444;1594.16;"Nord- und Mittelbünden";9;1961;2020;60;0;1982;2021;40;0;TRUE
"Degersheim";"DEH";NA;2732600.693;1247599.682;9.19419166666667;47.3658916666667;830;"Nordöstliches Mittelland";3;1961;2020;60;0;NA;NA;NA;NA;FALSE
"Delémont";"DEM";"6602";2593269.988;1244543.472;7.34956666666667;47.3517055555556;439;"Westlicher Jura";2;1961;2020;60;0;2012;2020;8;1;FALSE
"Les Diablerets";"DIB";NA;2579037.579;1132867.396;7.16633333333333;46.3468638888889;1191;"Westlicher Alpennordhang";8;1962;2020;59;0;NA;NA;NA;NA;FALSE
"Diessenhofen";"DIE";NA;2696732.11;1283138.636;8.72713055555556;47.6917194444444;404;"Nordöstliches Mittelland";3;1961;2020;60;0;NA;NA;NA;NA;FALSE
"Disentis";"DIS";"6782";2708190.864;1173793.275;8.85347777777778;46.7065694444444;1197.05;"Nord- und Mittelbünden";9;1961;2020;60;0;1982;2021;40;0;TRUE
"Dietikon";"DIT";NA;2672890.95;1251864.94;8.40447222222222;47.4135583333333;384;"Nordöstliches Mittelland";3;1961;2020;60;0;2016;2020;4;1;FALSE
"Dischma";"DMA";NA;2786600.939;1182989.816;9.88209166666667;46.7719333333333;1710;"Nord- und Mittelbünden";9;1974;2020;47;0;NA;NA;NA;NA;FALSE
"Benken / Doggen";"DOB";NA;2715387.801;1227539.782;8.96121111111111;47.1887333333333;408;"Östlicher Alpennordhang";6;1962;2020;58;1;2013;2020;8;0;FALSE
"La Dôle";"DOL";"6702";2497059.38;1142372.52;6.09945277777778;46.4247944444444;1669.75;"Westlicher Jura";2;1974;2020;47;0;1982;2021;39;1;TRUE
"Ebnat-Kappel";"EBK";"6693";2726347.799;1237176.315;9.10849444444444;47.2733888888889;623.2;"Östlicher Alpennordhang";6;1961;2020;60;0;2010;2020;10;1;FALSE
"Echallens";"ECH";NA;2537462.665;1166422.543;6.62176388888889;46.6461111111111;602;"Westliches Mittelland";5;1961;2020;60;0;NA;NA;NA;NA;FALSE
"Effretikon";"EFF";NA;2695336.932;1254991.819;8.70251388888889;47.4388111111111;478;"Nordöstliches Mittelland";3;1961;2020;60;0;NA;NA;NA;NA;FALSE
"Lachen / Eggen";"EGL";NA;2762030.361;1255899.582;9.58666111111111;47.4339361111111;930;"Östlicher Alpennordhang";6;1973;2020;45;3;NA;NA;NA;NA;FALSE
"Egolzwil";"EGO";"6648";2642913.257;1225540.775;8.00475833333333;47.1794277777778;521.9;"Zentrales Mittelland";4;1975;2020;46;0;2010;2020;10;1;FALSE
"Eggersriet";"EGR";NA;2753060.549;1256196.584;9.46790277777778;47.4387527777778;770;"Nordöstliches Mittelland";3;1976;2020;45;0;2019;2020;1;1;FALSE
"Escholzmatt";"EHM";NA;2637850.477;1194828.005;7.93540555555556;46.9034805555556;840;"Zentraler Alpennordhang";7;1961;2020;60;0;NA;NA;NA;NA;FALSE
"Einsiedeln";"EIN";"6675";2699983.704;1221068.299;8.75655555555556;47.1330416666667;910.7;"Zentraler Alpennordhang";7;1961;2020;60;0;2012;2020;8;1;FALSE
"Eigenthal";"EIT";NA;2659340.762;1203879.955;8.21862222222222;46.9833305555556;1114;"Zentraler Alpennordhang";7;1961;2020;60;0;NA;NA;NA;NA;FALSE
"Eschlikon";"EKO";NA;2715699.81;1256835.747;8.97288333333333;47.4521305555556;578;"Nordöstliches Mittelland";3;1961;2020;60;0;NA;NA;NA;NA;FALSE
"Elm";"ELM";"6682";2732265.6;1198424.3;9.17534722222222;46.9237416666667;957.6;"Östlicher Alpennordhang";6;1961;2020;60;0;2011;2020;9;1;FALSE
"Engelberg";"ENG";"6655";2674161.606;1186069.271;8.41051388888889;46.8216388888889;1035.66;"Zentraler Alpennordhang";7;1961;2020;60;0;1983;2021;39;0;TRUE
"Entlebuch";"ENT";NA;2647935.6;1204164.941;8.06874722222222;46.9868138888889;768;"Zentraler Alpennordhang";7;1961;2020;60;0;2014;2020;6;1;FALSE
"Eptingen";"EPT";NA;2628720.51;1248410.241;7.81898888888889;47.3858944444444;565;"Östlicher Jura";1;1961;2020;60;0;NA;NA;NA;NA;FALSE
"Erlenbach im Simmental";"ERB";NA;2606536.851;1167474.849;7.52404166666667;46.6584722222222;732;"Westlicher Alpennordhang";8;1970;2020;51;0;NA;NA;NA;NA;FALSE
"Eriswil";"ERI";NA;2631275.48;1214794.088;7.85048888888889;47.0834166666667;729;"Zentrales Mittelland";4;1973;2020;48;0;NA;NA;NA;NA;FALSE
"Eschenz";"ESZ";NA;2707865.959;1278226.598;8.87421111111111;47.6458111111111;414;"Nordöstliches Mittelland";3;1961;2020;60;0;2013;2020;8;0;FALSE
"Euthal";"EUT";NA;2704729.746;1217362.818;8.81824444444444;47.0989805555556;910;"Zentraler Alpennordhang";7;1974;2020;47;0;NA;NA;NA;NA;FALSE
"Evolène / Villa";"EVO";"06722";2605411.502;1106748.151;7.50863055555556;46.1122111111111;1825;"Wallis";10;1986;2020;34;1;1987;2021;35;0;TRUE
"Fahy";"FAH";"6616";2562464.745;1252675.739;6.94119444444444;47.4238138888889;596.39;"Östlicher Jura";1;1961;2020;60;0;1982;2021;40;0;TRUE
"Filisur";"FIL";NA;2772250.921;1171319.682;9.68990555555555;46.6708638888889;1030;"Nord- und Mittelbünden";9;1961;2020;60;0;NA;NA;NA;NA;FALSE
"Flims";"FLI";NA;2740720.689;1188599.763;9.28329444444444;46.8336555555556;1050;"Nord- und Mittelbünden";9;1962;2020;59;0;NA;NA;NA;NA;FALSE
"Flühli, LU";"FLU";"6652";2644332.932;1193311.279;8.02033611111111;46.8894361111111;939.75;"Zentraler Alpennordhang";7;1961;2014;54;0;2015;2020;5;1;FALSE
"Flawil";"FLW";NA;2733136.685;1252977.72;9.20288611111111;47.4141416666667;571;"Nordöstliches Mittelland";3;1961;2020;60;0;2015;2020;5;1;FALSE
"Fruence";"FRC";NA;2558813.1;1152867;6.90184722222222;46.5258305555556;810;"Westliches Mittelland";5;1978;2020;43;0;NA;NA;NA;NA;FALSE
"Bullet / La Frétaz";"FRE";"6619";2534225.12;1188081.788;6.57636944444444;46.8406222222222;1205.43;"Westlicher Jura";2;1979;2020;42;0;1982;2021;40;0;TRUE
"Frauenfeld";"FRF";NA;2709480.921;1270169.629;8.89371111111111;47.5730972222222;393;"Nordöstliches Mittelland";3;1961;2020;60;0;NA;NA;NA;NA;FALSE
"Frick";"FRI";NA;2643355.729;1262700.293;8.01418888888889;47.5136166666667;345;"Östlicher Jura";1;1961;2020;60;0;NA;NA;NA;NA;FALSE
"Frutigen";"FRU";"6613";2616773.488;1160883.778;7.65754166666667;46.5990027777778;756;"Westlicher Alpennordhang";8;1961;2020;59;1;2015;2020;5;1;FALSE
"Gadmen";"GAD";NA;2669750.533;1176609.691;8.35126944444444;46.7370305555556;1190;"Westlicher Alpennordhang";8;1961;2020;60;0;NA;NA;NA;NA;FALSE
"Genève / Aïre";"GEA";NA;2495934.351;1116925.196;6.09050833333333;46.1957416666667;376;"Westliches Mittelland";5;1969;2020;52;0;NA;NA;NA;NA;FALSE
"Gempen, SO";"GEP";NA;2616260.529;1260400.486;7.65441666666667;47.4941611111111;585;"Östlicher Jura";1;1970;2020;51;0;NA;NA;NA;NA;FALSE
"Grosshöchstetten";"GHS";NA;2616015.153;1194884.935;7.64883333333333;46.9048777777778;755;"Zentrales Mittelland";4;1961;2020;60;0;NA;NA;NA;NA;FALSE
"Giswil";"GIH";"6657";2657322.898;1188976.045;8.190225;46.84945;471;"Zentraler Alpennordhang";7;1978;2020;43;0;2010;2020;10;1;FALSE
"Grüningen";"GIN";NA;2698752.856;1236665.805;8.74375277777778;47.2735;535;"Nordöstliches Mittelland";3;1961;2020;59;1;NA;NA;NA;NA;FALSE
"Glarus";"GLA";"6685";2723756.57;1210567.29;9.06696111111111;47.0345861111111;516.62;"Östlicher Alpennordhang";6;1961;2020;60;0;1982;2021;40;0;TRUE
"Göscheneralp";"GOA";NA;2681253.446;1166803.684;8.500025;46.647525;1745;"Zentraler Alpennordhang";7;1970;2020;51;0;2014;2020;7;0;FALSE
"Gösgen";"GOE";"06626";2640422.223;1245949.319;7.97373333333333;47.3631472222222;380.49;"Zentrales Mittelland";4;1989;2020;32;0;1989;2021;33;0;TRUE
"Göschenen";"GOS";"6668";2688477.456;1171925.644;8.59536388888889;46.6926777777778;950.3;"Zentraler Alpennordhang";7;1961;2015;55;0;2016;2020;4;1;FALSE
"Fribourg / Grangeneuve";"GRA";"6625";2575183.764;1180076.402;7.11373611111111;46.7714;650.6;"Westliches Mittelland";5;1961;2020;58;2;2011;2020;9;1;FALSE
"Grächen";"GRC";"6728";2630738.429;1116062.001;7.83682222222222;46.1953138888889;1605;"Wallis";10;1961;2020;60;0;2013;2020;7;1;FALSE
"Grimsel Hospiz";"GRH";"6744";2668583.297;1158214.72;8.33325555555555;46.5716888888889;1980;"Westlicher Alpennordhang";8;1961;2020;60;0;1990;2021;32;0;TRUE
"Grimentz";"GRI";NA;2610767.534;1114288.692;7.57808055555556;46.1799777777778;1512;"Wallis";10;1961;2020;60;0;NA;NA;NA;NA;FALSE
"Grono";"GRO";"6758";2733017.557;1124089.398;9.16375833333333;46.255075;323.52;"Alpensüdseite";12;1961;2020;60;0;2013;2020;8;0;FALSE
"Gryon";"GRY";NA;2571519.594;1125125.269;7.06915;46.2769416666667;1146;"Westlicher Alpennordhang";8;1961;2020;60;0;NA;NA;NA;NA;FALSE
"Col du Grand St-Bernard";"GSB";"6717";2579191.125;1079754.155;7.17068333333333;45.8690916666667;2472;"Alpensüdseite";12;1961;2020;59;1;1982;2021;38;2;TRUE
"Gsteig, Gstaad";"GSG";NA;2587686;1136142;7.27859166666667;46.3765333333333;1196;"Westlicher Alpennordhang";8;1961;2020;60;0;2014;2020;6;1;FALSE
"Gross, SZ";"GSS";NA;2701799.744;1218840.838;8.77998611111111;47.1127305555556;897;"Zentraler Alpennordhang";7;1974;2020;47;0;NA;NA;NA;NA;FALSE
"Guttannen";"GTT";NA;2665296.518;1167600.658;8.29171666666667;46.6564444444444;1055;"Westlicher Alpennordhang";8;1961;2020;60;0;2014;2020;6;1;FALSE
"Gütsch, Andermatt";"GUE";"6750";2690087;1167480;8.61553055555556;46.652475;2286;"Zentraler Alpennordhang";7;1961;2020;60;0;1982;2021;38;2;TRUE
"Guglera";"GUG";NA;2585039.834;1177635.059;7.24285277777778;46.7497333333333;877;"Westlicher Alpennordhang";8;1961;2020;59;1;NA;NA;NA;NA;FALSE
"Güttingen";"GUT";"6621";2738422.628;1273962.163;9.27942777777778;47.6017333333333;440.02;"Nordöstliches Mittelland";3;1978;2020;43;0;1982;2021;40;0;TRUE
"Genève / Cointrin";"GVE";"6700";2498904.439;1122631.739;6.12774166666667;46.2475194444444;410.88;"Westliches Mittelland";5;1961;2020;60;0;1982;2021;40;0;TRUE
"Grindelwald";"GWA";NA;2643511.3;1163246.8;8.0067;46.6190555555556;1107;"Westlicher Alpennordhang";8;1962;2020;58;1;NA;NA;NA;NA;FALSE
"Salen-Reutenen";"HAI";"6623";2719100.407;1279046.641;9.02391111111111;47.6512416666667;718.7;"Nordöstliches Mittelland";3;1961;2020;60;0;2010;2020;10;1;FALSE
"Hausen am Albis";"HAU";NA;2682060.827;1232659.879;8.52245;47.2397583333333;590;"Zentrales Mittelland";4;1977;2020;44;0;NA;NA;NA;NA;FALSE
"Herzogenbuchsee";"HEB";NA;2620889.416;1226910.223;7.71428333333333;47.1928083333333;482;"Zentrales Mittelland";4;1961;2020;60;0;NA;NA;NA;NA;FALSE
"Hessigkofen";"HEK";NA;2602350.308;1221220.35;7.46962222222222;47.1419555555556;580;"Zentrales Mittelland";4;1978;2020;43;0;NA;NA;NA;NA;FALSE
"Hérémence";"HER";NA;2597355.385;1114091.856;7.40438888888889;46.1782888888889;1218;"Wallis";10;1961;2020;58;2;NA;NA;NA;NA;FALSE
"Herisau";"HES";NA;2737730.71;1250829.694;9.26308055555556;47.3938833333333;700;"Nordöstliches Mittelland";3;1961;2020;60;0;NA;NA;NA;NA;FALSE
"Hinwil";"HIW";NA;2706160.5;1240132.8;8.84245277777778;47.3035305555556;577;"Nordöstliches Mittelland";3;1962;2020;59;0;NA;NA;NA;NA;FALSE
"Hallau";"HLL";"6624";2677456.5;1283471.8;8.47046388888889;47.6972777777778;419;"Nordöstliches Mittelland";3;1961;2020;60;0;2012;2020;9;0;FALSE
"Hondrich";"HON";NA;2618524.968;1169129.736;7.68073055555556;46.6731333333333;760;"Westlicher Alpennordhang";8;1962;2020;59;0;NA;NA;NA;NA;FALSE
"Hoch-Ybrig";"HOY";NA;2702760.687;1207629.81;8.79010277777778;47.0117527777778;1458;"Zentraler Alpennordhang";7;1974;2020;47;0;NA;NA;NA;NA;FALSE
"Herbetswil";"HTW";NA;2611291;1238440;7.58791666666667;47.2967472222222;544;"Westlicher Jura";2;1961;2020;60;0;NA;NA;NA;NA;FALSE
"Huttwil";"HUT";NA;2630261.451;1218189.127;7.83736388888889;47.1140027777778;633;"Zentrales Mittelland";4;1973;2020;48;0;2014;2020;7;0;FALSE
"Ilanz";"ILZ";"6789";2735686.161;1181965.432;9.21535277777778;46.7750388888889;698;"Nord- und Mittelbünden";9;1961;2020;60;0;2014;2020;6;1;FALSE
"Innerthal";"INN";NA;2712079.736;1218325.833;8.91528333333333;47.1064388888889;903;"Östlicher Alpennordhang";6;1962;2020;59;0;2014;2020;6;1;FALSE
"Interlaken";"INT";"6734";2633023.186;1169091.904;7.87019444444444;46.6722333333333;577.34;"Westlicher Alpennordhang";8;1961;2020;60;0;1982;2021;40;0;TRUE
"Isenthal";"IST";NA;2685460.642;1196109.666;8.56044722222222;46.9105916666667;778;"Zentraler Alpennordhang";7;1961;2020;60;0;NA;NA;NA;NA;FALSE
"Jaun";"JAU";NA;2587532.747;1162270.005;7.27589444444444;46.6115694444444;1029;"Westlicher Alpennordhang";8;1961;2020;60;0;NA;NA;NA;NA;FALSE
"Jussy";"JUS";NA;2508909.482;1120364.144;6.25789722222222;46.2285527777778;466;"Westliches Mittelland";5;1961;2020;60;0;NA;NA;NA;NA;FALSE
"Kaiserstuhl, AG";"KAI";NA;2673335.117;1269332.977;8.41323055555556;47.5706027777778;361;"Nordöstliches Mittelland";3;1961;2020;59;1;2019;2020;1;1;FALSE
"Küssnacht am Rigi";"KAR";NA;2675328.766;1216759.841;8.43089166666667;47.0975527777778;502;"Zentraler Alpennordhang";7;1962;2020;59;0;NA;NA;NA;NA;FALSE
"Kandersteg";"KAS";NA;2618312.795;1149197.812;7.67716666666667;46.4938416666667;1178;"Westlicher Alpennordhang";8;1961;2020;60;0;2016;2020;5;0;FALSE
"Kirchberg, SG";"KIB";NA;2717906.6;1253595.4;9.00128333333333;47.4226;742;"Nordöstliches Mittelland";3;1976;2020;45;0;NA;NA;NA;NA;FALSE
"Klosters";"KLA";NA;2786857.94;1193365.918;9.88970277777778;46.8651527777778;1186;"Nord- und Mittelbünden";9;1961;2013;53;0;2014;2020;7;0;FALSE
"Zürich / Kloten";"KLO";"6670";2682711.05;1259338.639;8.53596111111111;47.4796111111111;426.26;"Nordöstliches Mittelland";3;1961;2020;60;0;1982;2021;40;0;TRUE
"Klöntal";"KLT";NA;2718775.72;1210699.753;9.00147777777778;47.0366888888889;855;"Östlicher Alpennordhang";6;1961;2020;60;0;NA;NA;NA;NA;FALSE
"Koppigen";"KOP";"6635";2612663.291;1218664.689;7.60550277777778;47.11885;485.2;"Zentrales Mittelland";4;1962;2020;59;0;2012;2020;9;0;FALSE
"Kronberg";"KRO";NA;2742873.66;1239564.689;9.32758888888889;47.2914944444444;1645;"Östlicher Alpennordhang";6;1974;2020;47;0;NA;NA;NA;NA;FALSE
"Kleine Scheidegg";"KSE";"6736";2639925.107;1159424.742;7.95955;46.5848972222222;2061;"Westlicher Alpennordhang";8;1962;2020;59;0;NA;NA;NA;NA;FALSE
"Kurzeneialp";"KUA";NA;2630575.422;1207010.039;7.84074722222222;47.0134333333333;894;"Zentrales Mittelland";4;1962;2020;59;0;NA;NA;NA;NA;FALSE
"Küsnacht, ZH";"KUE";NA;2686705.849;1240572.827;8.58531666666667;47.3103305555556;412;"Nordöstliches Mittelland";3;1961;2020;60;0;NA;NA;NA;NA;FALSE
"Langenbruck";"LAB";NA;2624250.498;1244720.272;7.75959444444444;47.3528861111111;731;"Westlicher Jura";2;1961;2020;59;1;2013;2020;8;0;FALSE
"Lachen / Galgenen";"LAC";"6665";2707638.076;1226334.176;8.85868611111111;47.1791972222222;468;"Nordöstliches Mittelland";3;1961;2020;60;0;2016;2020;5;0;FALSE
"Langnau i.E.";"LAG";"6638";2628004.097;1198793.103;7.806425;46.9396333333333;743.8;"Zentraler Alpennordhang";7;1961;2020;60;0;2011;2020;9;1;FALSE
"Landquart";"LAN";NA;2762680.782;1203709.847;9.57642777777778;46.9645194444444;537;"Nord- und Mittelbünden";9;1961;2020;59;1;NA;NA;NA;NA;FALSE
"Laupen";"LAP";NA;2584946.033;1196242.155;7.24101111111111;46.9171083333333;483;"Zentrales Mittelland";4;1973;2020;48;0;NA;NA;NA;NA;FALSE
"Bergün / Latsch";"LAT";"6642";2777274.066;1166618.331;9.75370555555556;46.627275;1407.85;"Nord- und Mittelbünden";9;1974;2020;46;1;2015;2020;5;1;FALSE
"Lenzerheide";"LEH";NA;2761860.841;1175889.71;9.55579166666667;46.7145583333333;1400;"Nord- und Mittelbünden";9;1962;2020;59;0;NA;NA;NA;NA;FALSE
"Leibstadt";"LEI";"06666";2656374.5;1272121.858;8.1882;47.5973611111111;341.08;"Östlicher Jura";1;1989;2020;32;0;1989;2021;33;0;TRUE
"Leukerbad";"LEU";NA;2614082.631;1135090.043;7.62163888888889;46.3670361111111;1286;"Wallis";10;1961;2020;60;0;2013;2020;7;1;FALSE
"Laufenburg";"LFB";NA;2646357.795;1266514.286;8.05443888888889;47.5477138888889;329;"Östlicher Jura";1;1961;2020;60;0;NA;NA;NA;NA;FALSE
"Langnau am Albis";"LGA";NA;2682205.85;1237809.851;8.52530833333333;47.2860583333333;579;"Nordöstliches Mittelland";3;1973;2020;48;0;NA;NA;NA;NA;FALSE
"Pleigne";"LOB";NA;2587683.47;1251978.535;7.27542777777778;47.4185;738;"Östlicher Jura";1;1961;2020;59;1;NA;NA;NA;NA;FALSE
"Le Locle";"LOC";NA;2546612.574;1212177.511;6.73592222222222;47.0584694444444;1015;"Westlicher Jura";2;1961;2020;60;0;NA;NA;NA;NA;FALSE
"Lohn, SH";"LOH";NA;2692911.176;1289774.662;8.67763611111111;47.7519444444444;585;"Nordöstliches Mittelland";3;1961;2020;60;0;2013;2020;8;0;FALSE
"Longirod";"LON";NA;2509386.502;1150106.641;6.25828055555556;46.4961388888889;900;"Westliches Mittelland";5;1961;2020;59;1;2014;2020;6;1;FALSE
"Lorzentobel";"LOT";NA;2684590.813;1226109.838;8.55463055555555;47.1805305555556;536;"Zentrales Mittelland";4;1962;2020;59;0;NA;NA;NA;NA;FALSE
"Lausanne";"LSN";NA;2538975.596;1153256.42;6.64326666666667;46.5278194444444;601;"Westliches Mittelland";5;1961;2020;60;0;2013;2020;7;1;FALSE
"Lauterbrunnen";"LTB";NA;2635851.141;1160290.616;7.90646388888889;46.5929166666667;815;"Westlicher Alpennordhang";8;1961;2020;60;0;2015;2020;5;1;FALSE
"Lugano";"LUG";"6770";2717874.082;1095882.987;8.96032222222222;46.0042166666667;273;"Alpensüdseite";12;1961;2020;60;0;1982;2021;40;0;TRUE
"Lungern";"LUN";NA;2655275.511;1181799.784;8.16251388888889;46.7850722222222;740;"Zentraler Alpennordhang";7;1962;2020;59;0;NA;NA;NA;NA;FALSE
"Luthern";"LUT";NA;2636465.492;1212020.044;7.91861111111111;47.0582;767;"Zentrales Mittelland";4;1961;2020;60;0;NA;NA;NA;NA;FALSE
"Luzern";"LUZ";"6650";2665544.624;1209849.546;8.30102222222222;47.0364388888889;454.32;"Zentrales Mittelland";4;1961;2020;60;0;1982;2021;40;0;TRUE
"Martigny";"MAB";NA;2570919.254;1106546.231;7.06251666666667;46.1097888888889;461;"Wallis";10;1961;2020;40;20;2016;2020;4;1;FALSE
"Morges";"MAC";NA;2528808.535;1152121.585;6.51093888888889;46.5166083333333;374;"Westliches Mittelland";5;1962;2020;59;0;NA;NA;NA;NA;FALSE
"Madiswil";"MAD";NA;2629396.6;1223378.4;7.82630555555556;47.1607166666667;663;"Zentrales Mittelland";4;1973;2020;48;0;NA;NA;NA;NA;FALSE
"Magadino / Cadenazzo";"MAG";"6762";2715479.978;1113160.824;8.93367222222222;46.160025;203.2;"Alpensüdseite";12;1961;2020;60;0;1982;2021;40;0;TRUE
"Mathod";"MAH";"06618";2533457.713;1176567.596;6.56798333333333;46.7369777777778;435.28;"Westliches Mittelland";5;1992;2020;27;2;1993;2021;28;1;TRUE
"Malbun";"MAL";NA;2764702.7;1219184.4;9.60860833333333;47.1031611111111;1610;"Östlicher Alpennordhang";6;1976;2020;45;0;2016;2020;4;1;FALSE
"Les Marécottes";"MAR";"6614";2567374.269;1107577.296;7.01659722222222;46.1189027777778;990;"Wallis";10;1962;2020;59;0;2015;2020;5;1;FALSE
"Marsens";"MAS";"6640";2571757.895;1167316.874;7.06966944444444;46.6564861111111;714.5;"Westlicher Alpennordhang";8;1961;2020;60;0;2014;2020;6;1;FALSE
"Martina";"MAT";NA;2830465.029;1196986.239;10.4630305555556;46.8840111111111;1041;"Engadin";11;1961;2020;60;0;2013;2020;7;1;FALSE
"Marbach, LU";"MBA";NA;2635347.423;1189679.987;7.90215833333333;46.8573111111111;864;"Zentraler Alpennordhang";7;1961;2020;60;0;NA;NA;NA;NA;FALSE
"Moudon";"MDO";NA;2551368.737;1169636.428;6.80305833333333;46.6761777777778;563;"Westliches Mittelland";5;1961;2020;59;1;NA;NA;NA;NA;FALSE
"Meiringen";"MER";"6637";2655844.42;1175929.729;8.16924722222222;46.7322222222222;588.6;"Westlicher Alpennordhang";8;1961;2020;60;0;2011;2020;9;1;FALSE
"Mesocco";"MES";NA;2737851.716;1139822.383;9.23109166666667;46.3955916666667;825;"Alpensüdseite";12;1961;2020;60;0;NA;NA;NA;NA;FALSE
"Mervelier";"MEV";NA;2603884.442;1243975.345;7.49004166666667;47.3466194444444;540;"Westlicher Jura";2;1961;2020;59;1;2014;2020;6;1;FALSE
"Mogelsberg";"MGB";NA;2728219.708;1247006.682;9.13603888888889;47.361425;766;"Nordöstliches Mittelland";3;1974;2020;47;0;NA;NA;NA;NA;FALSE
"Morgins";"MGI";NA;2554719.428;1120680.332;6.85163333333333;46.2360361111111;1340;"Westlicher Alpennordhang";8;1976;2020;45;0;NA;NA;NA;NA;FALSE
"Magglingen";"MGL";NA;2583037.177;1221115.524;7.21502222222222;47.1408;883;"Westlicher Jura";2;1967;2020;54;0;2013;2020;8;0;FALSE
"Le Moléson";"MLS";"06609";2567718.292;1155076.757;7.01775277777778;46.5461972222222;1974.34;"Westlicher Alpennordhang";8;1982;2020;38;1;1983;2021;39;0;TRUE
"Mormont";"MMO";NA;2569727.242;1254223.537;7.03733333333333;47.4381111111111;535;"Östlicher Jura";1;1961;2020;60;0;2015;2020;5;1;FALSE
"Mosen";"MOA";"6644";2660128.6;1232852.1;8.23283055555556;47.2438472222222;453.04;"Zentrales Mittelland";4;1961;2020;60;0;2013;2020;8;0;FALSE
"Montagnier, Bagnes";"MOB";"6615";2583491.368;1102189.068;7.22527222222222;46.0710194444444;839;"Wallis";10;1961;2020;59;1;2017;2020;3;1;FALSE
"Möhlin";"MOE";"6641";2633053.718;1269147.419;7.87791111111111;47.5721972222222;343;"Östlicher Jura";1;1961;2020;60;0;2010;2020;10;1;FALSE
"Morbio Superiore";"MOS";NA;2723520.178;1080124.473;9.02906666666667;45.8614861111111;594;"Alpensüdseite";12;1975;2020;46;0;NA;NA;NA;NA;FALSE
"Moutier";"MOU";NA;2594939.368;1235698.449;7.37176111111111;47.2721666666667;579;"Westlicher Jura";2;1970;2020;51;0;NA;NA;NA;NA;FALSE
"Mosogno";"MSG";NA;2692802.997;1117049.206;8.64091388888889;46.1985027777778;771;"Alpensüdseite";12;1961;2020;60;0;2015;2020;5;1;FALSE
"Monstein";"MST";NA;2778426.918;1176002.807;9.7724;46.71135;1633;"Nord- und Mittelbünden";9;1974;2020;47;0;NA;NA;NA;NA;FALSE
"Mottec";"MTE";"6716";2614324.424;1110729.94;7.62403333333333;46.1478972222222;1580;"Wallis";10;1974;2020;47;0;2016;2020;5;0;FALSE
"Mühleberg";"MUB";"06636";2587792.895;1202480.046;7.27821666666667;46.9732777777778;479.785;"Zentrales Mittelland";4;1989;2020;32;0;1989;2021;33;0;TRUE
"Mürren";"MUE";NA;2634610.999;1156091.638;7.88996666666667;46.5552111111111;1632;"Westlicher Alpennordhang";8;1962;2020;59;0;NA;NA;NA;NA;FALSE
"Muri, AG";"MUR";NA;2667276.813;1235322.918;8.32760833333333;47.2653805555556;577;"Zentrales Mittelland";4;1961;2020;60;0;2013;2020;7;1;FALSE
"Müstair";"MUS";NA;2831186.063;1169358.053;10.4585194444444;46.6354194444444;1248;"Engadin";11;1974;2020;47;0;NA;NA;NA;NA;FALSE
"Murten";"MUT";NA;2576991.011;1199048.159;7.13643888888889;46.9421194444444;433;"Westliches Mittelland";5;1962;2020;59;0;NA;NA;NA;NA;FALSE
"Montana";"MVE";"6724";2601708.754;1127488.92;7.46081388888889;46.2988055555556;1422.86;"Wallis";10;1961;2020;60;0;1982;2021;40;0;TRUE
"Napf";"NAP";"6639";2638137.452;1206079.008;7.94011666666667;47.0046666666667;1403.98;"Zentraler Alpennordhang";7;1979;2020;42;0;1982;2021;40;0;TRUE
"Nesselboden";"NEB";NA;2605295.314;1232697.362;7.50858055555556;47.2451694444444;1055;"Westlicher Jura";2;1974;2020;42;5;2014;2020;6;1;FALSE
"Neuchâtel";"NEU";"6604";2563086.694;1205559.993;6.95329722222222;47.0000666666667;485;"Westliches Mittelland";5;1961;2020;60;0;1982;2021;40;0;TRUE
"Niederneunforn";"NIE";NA;2700861.009;1272509.715;8.7797;47.5955194444444;440;"Nordöstliches Mittelland";3;1961;2020;60;0;NA;NA;NA;NA;FALSE
"Obstalden";"OBD";NA;2730891.794;1219536.74;9.16340833333333;47.1138777777778;689;"Östlicher Alpennordhang";6;1961;2020;60;0;NA;NA;NA;NA;FALSE
"Oberiberg";"OBI";NA;2701841.715;1210463.813;8.77865555555556;47.0373833333333;1075;"Zentraler Alpennordhang";7;1961;2020;60;0;2016;2020;4;1;FALSE
"Ehrendingen";"OED";NA;2667833;1262320;8.33904722222222;47.508125;428;"Nordöstliches Mittelland";3;1976;2020;45;0;2014;2020;6;1;FALSE
"Olivone";"OLI";NA;2714903.531;1154143.58;8.93633611111111;46.5287194444444;890;"Alpensüdseite";12;1962;2020;59;0;NA;NA;NA;NA;FALSE
"Opfikon";"OPF";NA;2684614.952;1254697.828;8.56033888888889;47.4376333333333;424;"Nordöstliches Mittelland";3;1974;2020;47;0;2016;2020;4;1;FALSE
"Orsières";"ORS";NA;2577021.227;1096695.136;7.14191944444444;46.0214111111111;929;"Wallis";10;1969;2020;52;0;2013;2020;8;0;FALSE
"Orzens";"ORZ";NA;2542134.743;1174815.505;6.68173055555556;46.7220277777778;624;"Westliches Mittelland";5;1974;2020;47;0;NA;NA;NA;NA;FALSE
"Otelfingen";"OTE";NA;2671520.995;1257079.973;8.38715833333333;47.4606111111111;435;"Nordöstliches Mittelland";3;1962;2020;59;0;NA;NA;NA;NA;FALSE
"Locarno / Monti";"OTL";"6760";2704166.702;1114315.875;8.78749444444444;46.1722555555556;366.98;"Alpensüdseite";12;1961;2020;60;0;1982;2021;40;0;TRUE
"Payerne / Ville";"PAV";NA;2561614.831;1187040.229;6.93550555555556;46.8333972222222;447;"Westliches Mittelland";5;1961;2020;60;0;NA;NA;NA;NA;FALSE
"Payerne";"PAY";"6610";2562130.869;1184611.52;6.94246944444444;46.8115805555556;490;"Westliches Mittelland";5;1966;2020;55;0;1982;2021;40;0;TRUE
"Les Ponts-de-Martel";"PDM";NA;2545886.63;1205407.325;6.727175;46.9975138888889;1052;"Westlicher Jura";2;1961;2020;60;0;NA;NA;NA;NA;FALSE
"Pfäffikon, ZH";"PFA";NA;2700555.895;1246927.792;8.76987777777778;47.3655166666667;540;"Nordöstliches Mittelland";3;1961;2020;60;0;NA;NA;NA;NA;FALSE
"Pigniu";"PIG";NA;2727950.628;1185714.603;9.11514166666667;46.8102861111111;1325;"Nord- und Mittelbünden";9;1961;2020;60;0;NA;NA;NA;NA;FALSE
"Pilatus";"PIL";"06659";2661904.614;1203410.13;8.25225555555556;46.9788694444444;2105.44;"Zentraler Alpennordhang";7;1981;2020;40;0;1982;2021;39;1;TRUE
"Piotta";"PIO";"6753";2695880.578;1152264.133;8.68803888888889;46.5148111111111;990;"Alpensüdseite";12;1981;2020;40;0;1982;2021;40;0;TRUE
"Plaffeien";"PLF";"06628";2586828.174;1177406.56;7.26626388888889;46.7477166666667;1042.49;"Westlicher Alpennordhang";8;1989;2020;31;1;1990;2021;32;0;TRUE
"Pontresina";"PON";NA;2787950;1153832.3;9.887825;46.5093944444444;1787;"Engadin";11;1973;2020;48;0;NA;NA;NA;NA;FALSE
"Ponte Tresa";"POT";NA;2710110.026;1091628.922;8.85912222222222;45.9672666666667;274;"Alpensüdseite";12;1961;2020;60;0;NA;NA;NA;NA;FALSE
"Würenlingen / PSI";"PSI";"06647";2659356.299;1265380.996;8.22694444444444;47.536475;334;"Nordöstliches Mittelland";3;1992;2020;28;1;1993;2021;29;0;TRUE
"Punt la Drossa";"PUD";NA;2810567.023;1170637.953;10.19;46.6537472222222;1713;"Engadin";11;1975;2020;46;0;NA;NA;NA;NA;FALSE
"Pully";"PUY";"6711";2540819.05;1151510.606;6.66751666666667;46.5122833333333;455.61;"Westliches Mittelland";5;1962;2020;59;0;1982;2021;40;0;TRUE
"Bad Ragaz";"RAG";"6686";2756911.098;1209350.657;9.50259444444444;47.0166305555556;496.5;"Nord- und Mittelbünden";9;1961;2020;59;1;2012;2020;8;1;FALSE
"Reigoldswil";"REG";NA;2617700.478;1249870.359;7.67310833333333;47.3994138888889;602;"Östlicher Jura";1;1962;2020;59;0;NA;NA;NA;NA;FALSE
"Zürich / Affoltern";"REH";"6664";2681433.058;1253547.992;8.51795277777778;47.4276944444444;443.53;"Nordöstliches Mittelland";3;1962;2020;59;0;1982;2021;40;0;TRUE
"Rempen";"REM";NA;2710610.774;1221849.824;8.89679722222222;47.1383777777778;650;"Östlicher Alpennordhang";6;1970;2020;51;0;2016;2020;4;1;FALSE
"Ricken";"RIC";NA;2722680.765;1235901.763;9.05969722222222;47.2626166666667;836;"Nordöstliches Mittelland";3;1961;2020;60;0;NA;NA;NA;NA;FALSE
"Riex";"RIX";NA;2546079.644;1149410.404;6.73630277777778;46.4938333333333;461;"Westliches Mittelland";5;1962;2020;59;0;NA;NA;NA;NA;FALSE
"Poschiavo / Robbia";"ROB";"6794";2801993.958;1136248.611;10.0630305555556;46.3472166666667;1078;"Alpensüdseite";12;1961;2020;60;0;1982;2021;40;0;TRUE
"Robièi";"ROE";"06751";2682587.682;1144090.988;8.51338888888889;46.4430666666667;1898;"Alpensüdseite";12;1991;2020;30;0;1992;2021;30;0;TRUE
"Romont";"ROM";NA;2561475.711;1172622.197;6.93489444444444;46.7036944444444;692;"Westliches Mittelland";5;1961;2020;60;0;2016;2020;4;1;FALSE
"Rothenbrunnen";"ROT";NA;2751220.847;1181299.598;9.41846666666667;46.7657055555556;622;"Nord- und Mittelbünden";9;1971;2020;50;0;2017;2020;4;0;FALSE
"Rünenberg";"RUE";"06645";2633252.636;1253846.08;7.87941388888889;47.4345722222222;611.17;"Östlicher Jura";1;1983;2020;38;0;1983;2021;39;0;TRUE
"Säntis";"SAE";"6680";2744188.01;1234920.31;9.34346944444444;47.2494472222222;2501.47;"Östlicher Alpennordhang";6;1961;2020;60;0;1982;2021;40;0;TRUE
"Sattel, SZ";"SAG";"6662";2691000.04;1215145.222;8.63696666666667;47.0810638888889;790.1;"Zentraler Alpennordhang";7;1961;2020;60;0;2014;2020;7;0;FALSE
"Saignelégier";"SAI";NA;2565349.19;1234100.686;6.98085555555556;47.2569055555556;883;"Westlicher Jura";2;1961;2020;60;0;2016;2020;4;1;FALSE
"Samedan";"SAM";"6792";2787250.867;1155684.798;9.87946944444444;46.5262472222222;1708.51;"Engadin";11;1981;2020;40;0;1982;2021;40;0;TRUE
"Safien Platz";"SAP";NA;2743556.771;1171436.524;9.31507777777778;46.6787027777778;1296;"Nord- und Mittelbünden";9;1961;2020;60;0;2017;2020;3;1;FALSE
"Sargans";"SAR";NA;2752065.8;1213348.4;9.44023055555556;47.0537083333333;585;"Nord- und Mittelbünden";9;1961;2020;60;0;NA;NA;NA;NA;FALSE
"Salez / Saxerriet";"SAX";NA;2755558.546;1233373.78;9.49308611111111;47.2329611111111;436;"Östlicher Alpennordhang";6;1962;2020;59;0;2017;2020;4;0;FALSE
"S. Bernardino";"SBE";"6783";2734116.411;1147293.649;9.1847;46.4635416666667;1638.7;"Alpensüdseite";12;1969;2020;52;0;1982;2021;40;0;TRUE
"Stabio";"SBO";"06771";2716048.801;1077971.661;8.93236388888889;45.8434444444444;351.32;"Alpensüdseite";12;1981;2020;39;1;1982;2021;40;0;TRUE
"Schänis";"SCA";NA;2719940.782;1225579.767;9.02075277777778;47.1702972222222;415;"Östlicher Alpennordhang";6;1962;2020;59;0;NA;NA;NA;NA;FALSE
"Scudellate";"SCD";NA;2724253.1;1086841.6;9.04026666666667;45.9217611111111;920;"Alpensüdseite";12;1975;2020;45;1;NA;NA;NA;NA;FALSE
"Schwarzenegg";"SCE";NA;2621687.145;1183859.922;7.72275277777778;46.8055444444444;902;"Westlicher Alpennordhang";8;1961;2020;60;0;NA;NA;NA;NA;FALSE
"Schleitheim";"SCH";NA;2678236.171;1288716.735;8.48177777777778;47.74435;497;"Nordöstliches Mittelland";3;1961;2020;60;0;NA;NA;NA;NA;FALSE
"Scuol";"SCU";"6798";2817138.898;1186393.35;10.2832666666667;46.793275;1303.93;"Engadin";11;1961;2020;60;0;1982;2021;40;0;TRUE
"Splügen";"SDO";NA;2744420.815;1157434.553;9.32197222222222;46.5525972222222;1460;"Nord- und Mittelbünden";9;1961;2020;60;0;NA;NA;NA;NA;FALSE
"Sedrun";"SED";NA;2699974.367;1169844.604;8.74519166666667;46.6723361111111;1429;"Nord- und Mittelbünden";9;1961;2020;60;0;NA;NA;NA;NA;FALSE
"Semsales";"SEM";NA;2561108.612;1158427.237;6.93129444444444;46.5759861111111;874;"Westliches Mittelland";5;1970;2020;51;0;NA;NA;NA;NA;FALSE
"Sevelen";"SEV";NA;2755605.616;1221301.77;9.48953888888889;47.1244027777778;457;"Östlicher Alpennordhang";6;1961;2020;60;0;NA;NA;NA;NA;FALSE
"Stiegelschwand";"SGD";NA;2607278.663;1148536.01;7.53343333333333;46.4881;1466;"Westlicher Alpennordhang";8;1974;2020;47;0;NA;NA;NA;NA;FALSE
"Schaffhausen";"SHA";"6620";2688703.866;1282803.38;8.62014166666667;47.6898416666667;438.38;"Nordöstliches Mittelland";3;1961;2020;60;0;1982;2021;40;0;TRUE
"Segl-Maria";"SIA";"6779";2778576.017;1144976.097;9.762325;46.4323305555556;1804;"Engadin";11;1961;2020;60;0;2014;2020;6;1;FALSE
"Siebnen";"SIE";NA;2710821.805;1225537.801;8.90048333333333;47.1715111111111;452;"Nordöstliches Mittelland";3;1962;2020;59;0;2016;2020;4;1;FALSE
"Sihlbrugg";"SIH";NA;2686318.832;1230585.843;8.57828333333333;47.2205611111111;549;"Nordöstliches Mittelland";3;1962;2020;59;0;2015;2020;5;1;FALSE
"Simplon-Dorf";"SIM";"6654";2647682.582;1116339.614;8.05633611111111;46.196825;1465;"Alpensüdseite";12;1962;2020;59;0;2017;2020;4;0;FALSE
"Sion";"SIO";"6720";2591632.818;1118583.841;7.33020277777778;46.21865;482;"Wallis";10;1961;2020;60;0;1982;2021;40;0;TRUE
"Zürich / Fluntern";"SMA";"6660";2685117.872;1248065.637;8.56574166666667;47.377925;555.95;"Nordöstliches Mittelland";3;1961;2020;60;0;1982;2021;40;0;TRUE
"Sta. Maria, Val Müstair";"SMM";"6796";2828862.348;1165579.688;10.4263138888889;46.6022555555556;1386.2;"Engadin";11;1961;2020;60;0;2012;2020;9;0;FALSE
"Seengen";"SNG";NA;2656680.791;1242110.071;8.18846111111111;47.3274194444444;445;"Zentrales Mittelland";4;1961;2020;60;0;NA;NA;NA;NA;FALSE
"Stans";"SNS";NA;2669015.722;1202411.852;8.34555833333333;46.9691888888889;439;"Zentraler Alpennordhang";7;1977;2020;44;0;NA;NA;NA;NA;FALSE
"Soglio";"SOG";NA;2761393.917;1134473.591;9.53520833333333;46.3422444444444;1086;"Alpensüdseite";12;1961;2020;60;0;2015;2020;5;1;FALSE
"Sempach";"SPA";NA;2657433.8;1220759.971;8.19569722222222;47.135325;532;"Zentrales Mittelland";4;1962;2020;59;0;NA;NA;NA;NA;FALSE
"St. Peterzell";"SPZ";NA;2731250.692;1242139.709;9.174725;47.3170638888889;700;"Östlicher Alpennordhang";6;1961;2020;60;0;NA;NA;NA;NA;FALSE
"Sierre";"SRE";NA;2609137.603;1127458.142;7.55723055555556;46.2984694444444;536;"Wallis";10;1961;2020;60;0;NA;NA;NA;NA;FALSE
"Sarnen";"SRN";NA;2661580.624;1193689.855;8.24668333333333;46.8914694444444;475;"Zentraler Alpennordhang";7;1961;2020;60;0;NA;NA;NA;NA;FALSE
"Starkenbach";"STB";NA;2737313.769;1227575.785;9.25044722222222;47.1848666666667;897;"Östlicher Alpennordhang";6;1961;2020;60;0;2014;2020;6;1;FALSE
"Steckborn";"STE";NA;2715170.009;1280179.593;8.97190277777778;47.6621305555556;399;"Nordöstliches Mittelland";3;1961;2020;60;0;NA;NA;NA;NA;FALSE
"St. Gallen";"STG";"6681";2747865.848;1254587.703;9.39852777777778;47.425475;775.66;"Nordöstliches Mittelland";3;1961;2020;60;0;1982;2021;40;0;TRUE
"St. Urban";"STU";NA;2630369.5;1229411.204;7.83954166666667;47.2149361111111;488;"Zentrales Mittelland";4;1961;2020;60;0;NA;NA;NA;NA;FALSE
"Schaan";"SUA";NA;2755510.618;1228259.725;9.49068611111111;47.1869888888889;444;"Östlicher Alpennordhang";6;1970;2020;51;0;2016;2020;4;1;FALSE
"Susch";"SUS";NA;2802002.88;1181593.04;10.0830111111111;46.7548833333333;1416;"Engadin";11;1961;2020;60;0;2013;2020;7;1;FALSE
"Savognin";"SVG";NA;2765387.895;1162662.604;9.59714166666667;46.5947527777778;1172;"Nord- und Mittelbünden";9;1961;2020;60;0;2013;2020;7;1;FALSE
"Schwägalp";"SWA";NA;2742180.626;1235649.735;9.31719166666667;47.2564416666667;1348;"Östlicher Alpennordhang";6;1973;2020;48;0;NA;NA;NA;NA;FALSE
"Schwarzenburg";"SZB";NA;2593149.995;1184720.032;7.34888333333333;46.8135972222222;806;"Zentrales Mittelland";4;1961;2020;59;1;NA;NA;NA;NA;FALSE
"Aadorf / Tänikon";"TAE";"6679";2710518.249;1259824.071;8.90492777777778;47.4798916666667;539;"Nordöstliches Mittelland";3;1971;2020;50;0;1982;2021;40;0;TRUE
"Tamins";"TAM";NA;2750155.753;1188613.726;9.40693055555556;46.8317194444444;667;"Nord- und Mittelbünden";9;1969;2020;52;0;NA;NA;NA;NA;FALSE
"Wald / Tanne";"TAW";NA;2757025.49;1254229.565;9.51975277777778;47.4201333333333;1075;"Östlicher Alpennordhang";6;1977;2020;44;0;NA;NA;NA;NA;FALSE
"Tour de Gourze";"TDG";NA;2546452.612;1151241.438;6.74094722222222;46.5103361111111;915;"Westliches Mittelland";5;1962;2020;59;0;NA;NA;NA;NA;FALSE
"Teufen, AR";"TEU";NA;2747784.629;1250408.59;9.39606944444444;47.3879166666667;834;"Östlicher Alpennordhang";6;1961;2020;60;0;NA;NA;NA;NA;FALSE
"Linthal / Tierfehd";"TFD";NA;2717770.704;1193169.609;8.98371666666667;46.8792111111111;810;"Östlicher Alpennordhang";6;1970;2020;51;0;NA;NA;NA;NA;FALSE
"Thusis";"THS";NA;2753155.804;1175088.508;9.44171111111111;46.7094111111111;672;"Nord- und Mittelbünden";9;1961;2020;60;0;2013;2020;7;1;FALSE
"Thun";"THU";"6731";2611200.687;1177640.112;7.58522222222222;46.7498527777778;570;"Westlicher Alpennordhang";8;1961;2020;60;0;2013;2020;8;0;FALSE
"Tiefencastel";"TIC";NA;2763442.831;1170267.638;9.57447222222222;46.6636194444444;897;"Nord- und Mittelbünden";9;1962;2020;59;0;NA;NA;NA;NA;FALSE
"Trogen";"TRO";NA;2752170.556;1251769.614;9.4546;47.3991555555556;975;"Östlicher Alpennordhang";6;1974;2020;47;0;NA;NA;NA;NA;FALSE
"Trun";"TRU";NA;2719985.566;1178223.605;9.00884166666667;46.7443972222222;834;"Nord- und Mittelbünden";9;1962;2020;59;0;2013;2020;7;1;FALSE
"Tschiertschen";"TST";NA;2765538.874;1187678.699;9.60814166666667;46.8196638888889;1273;"Nord- und Mittelbünden";9;1961;2020;60;0;2014;2020;7;0;FALSE
"Bözberg";"UBB";NA;2652249.82;1259223.15;8.13184722222222;47.4816972222222;536;"Westlicher Jura";2;1961;2020;60;0;2014;2020;6;1;FALSE
"Ulrichen";"ULR";"06745";2666747.693;1150766.733;8.30823611111111;46.5048805555556;1345.87;"Wallis";10;1981;2020;40;0;1982;2021;40;0;TRUE
"Unterkulm";"UNK";NA;2650838.742;1241212.09;8.11108055555555;47.3198194444444;454;"Zentrales Mittelland";4;1961;2020;59;1;2013;2020;8;0;FALSE
"Urnerboden";"URB";NA;2712650.68;1195249.711;8.917075;46.8988055555556;1395;"Östlicher Alpennordhang";6;1962;2020;59;0;NA;NA;NA;NA;FALSE
"Urnäsch";"URN";NA;2739206;1241761;9.27979722222222;47.3120277777778;825;"Östlicher Alpennordhang";6;1961;2020;60;0;2015;2020;5;1;FALSE
"Uster";"UST";NA;2694712.882;1245205.803;8.69217222222222;47.3508944444444;438;"Nordöstliches Mittelland";3;1961;2020;60;0;NA;NA;NA;NA;FALSE
"Vaduz";"VAD";"6990";2757723.51;1221699.036;9.51757777777778;47.1274722222222;457.25;"Östlicher Alpennordhang";6;1972;2020;49;0;1982;2021;40;0;TRUE
"Vättis";"VAE";NA;2752732.686;1197281.723;9.4436;46.9090777777778;939;"Nord- und Mittelbünden";9;1961;2020;59;1;2015;2020;5;1;FALSE
"Valeyres-sous-Rances";"VAR";NA;2530240.707;1178344.644;6.525625;46.7526333333333;510;"Westliches Mittelland";5;1961;2020;60;0;NA;NA;NA;NA;FALSE
"Vevey / Corseaux";"VEV";"6603";2552105.694;1146847.436;6.81505555555556;46.4712388888889;405;"Westliches Mittelland";5;1962;2020;58;1;2015;2020;5;1;FALSE
"Vira, Gambarogno";"VIG";NA;2709402.191;1111548.091;8.85462777777778;46.1465333333333;225;"Alpensüdseite";12;1962;2020;58;1;NA;NA;NA;NA;FALSE
"Visp";"VIS";"6727";2631150.608;1128024.024;7.84295833333333;46.3029;639.43;"Wallis";10;1981;2020;40;0;1982;2021;40;0;TRUE
"Vals";"VLS";"6663";2734017.127;1165551.229;9.18871111111111;46.6277583333333;1242;"Nord- und Mittelbünden";9;1961;2020;60;0;2015;2020;5;1;FALSE
"Vrin";"VRI";NA;2727424.645;1168525.479;9.10347222222222;46.6557972222222;1384;"Nord- und Mittelbünden";9;1961;2020;60;0;2015;2020;5;1;FALSE
"La Valsainte";"VST";NA;2580089.684;1166314.075;7.17856111111111;46.6477666666667;1044;"Westlicher Alpennordhang";8;1961;2020;60;0;2018;2020;3;0;FALSE
"Vallorbe";"VVI";NA;2519399.6;1174060.704;6.38450555555556;46.7128777777778;748;"Westlicher Jura";2;1962;2020;59;0;NA;NA;NA;NA;FALSE
"Wädenswil";"WAE";"6673";2693847.997;1230744.027;8.67770555555555;47.2209583333333;485.37;"Nordöstliches Mittelland";3;1962;2020;59;0;1982;2021;40;0;TRUE
"Waldegg";"WAG";NA;2676761.885;1246210.846;8.45478888888889;47.3622694444444;545.3;"Nordöstliches Mittelland";3;1962;2020;59;0;2019;2020;1;1;FALSE
"Wil, ZH";"WBR";NA;2680341.174;1273224.926;8.50703055555556;47.6047833333333;406;"Nordöstliches Mittelland";3;1961;2020;60;0;NA;NA;NA;NA;FALSE
"Wilchingen";"WCH";NA;2677053.131;1280206.734;8.464525;47.6679638888889;422;"Nordöstliches Mittelland";3;1961;2020;60;0;NA;NA;NA;NA;FALSE
"Wahlendorf";"WDO";NA;2592250.147;1205940.217;7.33673333333333;47.0044694444444;760;"Zentrales Mittelland";4;1961;2020;60;0;NA;NA;NA;NA;FALSE
"Weesen";"WEE";NA;2724983.808;1221382.742;9.08609166666667;47.1316194444444;425;"Östlicher Alpennordhang";6;1961;2020;60;0;2013;2020;8;0;FALSE
"Weinfelden";"WEF";NA;2726403.879;1269982.571;9.11851388888889;47.568375;477;"Nordöstliches Mittelland";3;1961;2020;59;1;NA;NA;NA;NA;FALSE
"Weisstannen";"WET";NA;2744900.65;1205819.727;9.34354722222222;46.9876111111111;1010;"Östlicher Alpennordhang";6;1961;2020;60;0;NA;NA;NA;NA;FALSE
"Weissfluhjoch";"WFJ";"6780";2780615.722;1189634.308;9.80639444444444;46.833325;2691.24;"Nord- und Mittelbünden";9;1961;2020;59;1;1982;2021;39;1;TRUE
"Wildhaus";"WHA";NA;2746129.658;1229567.749;9.36737222222222;47.2008888888889;998;"Östlicher Alpennordhang";6;1962;2020;59;0;NA;NA;NA;NA;FALSE
"Riedholz / Wallierhof";"WHF";NA;2609394.367;1231491.351;7.56269722222222;47.2342777777778;518;"Zentrales Mittelland";4;1970;2020;51;0;2016;2020;4;1;FALSE
"Wasen im Emmental";"WIE";NA;2627850.425;1210550.073;7.80512777777778;47.0453944444444;770;"Zentrales Mittelland";4;1961;2020;60;0;NA;NA;NA;NA;FALSE
"Winterthur / Seen";"WIN";NA;2699845.905;1259053.806;8.76318888888889;47.4746722222222;506;"Nordöstliches Mittelland";3;1961;2020;60;0;2013;2020;8;0;FALSE
"Wimmis";"WIS";NA;2617298.938;1168863.717;7.66469722222222;46.670775;648;"Westlicher Alpennordhang";8;1961;2020;60;0;NA;NA;NA;NA;FALSE
"Wittnau";"WIT";NA;2639941.701;1258983.286;7.96853611111111;47.4804027777778;463;"Östlicher Jura";1;1961;2020;59;1;2013;2020;7;1;FALSE
"Witzwil";"WIW";NA;2570636;1205385.321;7.05256388888889;46.9988722222222;433;"Zentrales Mittelland";4;1961;2020;60;0;NA;NA;NA;NA;FALSE
"Wynau";"WYN";"6643";2626405.475;1233849.233;7.787475;47.255025;421.99;"Zentrales Mittelland";4;1979;2020;42;0;1982;2021;40;0;TRUE
"Yverdon-les-Bains";"YVN";NA;2539851.766;1181493.569;6.65099166666667;46.7818944444444;432;"Westliches Mittelland";5;1961;2020;60;0;NA;NA;NA;NA;FALSE
"Zermatt";"ZER";"6748";2624297.805;1097574.398;7.75243333333333;46.0292722222222;1638.35;"Wallis";10;1961;2020;60;0;1982;2021;40;0;TRUE
"Zervreila";"ZEV";NA;2728780.63;1159992.545;9.11879722222222;46.5787972222222;1738;"Nord- und Mittelbünden";9;1971;2020;50;0;2017;2020;3;1;FALSE
"Zernez";"ZNZ";NA;2802721.958;1175274.951;10.0896222222222;46.6978638888889;1470;"Engadin";11;1962;2020;59;0;NA;NA;NA;NA;FALSE
"Zofingen";"ZOF";NA;2638189.557;1236711.159;7.94339166666667;47.2801888888889;432;"Zentrales Mittelland";4;1961;2020;49;11;NA;NA;NA;NA;FALSE
"Zugerberg";"ZUB";NA;2683016.78;1222025.824;8.53311666666667;47.1439972222222;927;"Zentrales Mittelland";4;1973;2020;48;0;NA;NA;NA;NA;FALSE
